{
  "id": "fake_manila_v2",
  "num_qubits": 5,
  "topology": {
    "edges": [
      [
        0,
        1
      ],
      [
        1,
        2
      ],
      [
        2,
        3
      ],
      [
        3,
        4
      ]
    ]
  },
  "native_gates": [
    "cx",
    "rz",
    "sx",
    "x"
  ],
  "noise": {
    "single_qubit_fidelity": {
      "sx": {
        "0": 0.999844934060994,
        "1": 0.9996078065126904,
        "2": 0.9992541841102737,
        "3": 0.9997877808350145,
        "4": 0.9996461277841449
      },
      "x": {
        "0": 0.999844934060994,
        "1": 0.9996078065126904,
        "2": 0.9992541841102737,
        "3": 0.9997877808350145,
        "4": 0.9996461277841449
      },
      "rz": {
        "0": 1.0,
        "1": 1.0,
        "2": 1.0,
        "3": 1.0,
        "4": 1.0
      }
    },
    "two_qubit_fidelity": {
      "cx": {
        "4,3": 0.9943037245313757,
        "3,4": 0.9943037245313757,
        "2,3": 0.9886458771608062,
        "3,2": 0.9886458771608062,
        "1,2": 0.9860596141912061,
        "2,1": 0.9860596141912061,
        "0,1": 0.9911722879293708,
        "1,0": 0.9911722879293708
      }
    },
    "t1_us": {
      "0": 131.5286444531517,
      "1": 124.53550487905082,
      "2": 158.6152374677565,
      "3": 179.10281957277218,
      "4": 144.67316223194067
    },
    "t2_us": {
      "0": 102.20390054827382,
      "1": 79.01470497124718,
      "2": 25.150897893938303,
      "3": 54.36101156476186,
      "4": 40.33233257275118
    },
    "readout_error": {
      "0": 0.0353,
      "1": 0.02190000000000003,
      "2": 0.09640000000000004,
      "3": 0.014399999999999968,
      "4": 0.01859999999999995
    }
  },
  "meas_latency_us": 5.351111,
  "supports_mid_circuit_meas": true,
  "supports_feed_forward": true
}
